<?xml version="1.0"?>
<pagescount>
	<html_total>2</html_total>
	<html_done>1</html_done>
	<img>145</img>
	<js>5</js>
	<css>7</css>
	<pdf/>
	<doc/>
	<xls/>
	<ppt/>
	<swf/>
	<mp3/>
	<mp4/>
	<xml/>
	<json/>
	<txt/>
	<fonts>6</fonts>
	<scraping_reload>1</scraping_reload>
	<is_pretty_url>false</is_pretty_url>
	<is_ebn>false</is_ebn>
	<theme_name>354458</theme_name>
	<server_url_front_page>https://www6.waybackmachinedownloader.com/wdo/files/demo/event-pubgrp15.com_thenoobhackers786_gmail.nom_tr1kg9nmf9/</server_url_front_page>
	<no_www_url>event-pubgrp15.com</no_www_url>
	<hosted_domain/>
	<original_archive_url>https://event-pubgrp15.com/index.php</original_archive_url>
	<final_archive_url>https://event-pubgrp15.com/index.php</final_archive_url>
	<front_page_code_date/>
	<total_urls_from_api/>
	<search_url_added>false</search_url_added>
	<total_size>18596</total_size>
</pagescount>
